Level,Name
1,SIGMA
3,SIGMA
2,ALFA
2,OMEGA
2,SIGMA
Tahap 2,5 OMEGA
5,DELTA
6,BETA
6,GAMMA
6,ZETA
PRASEKOLAH,BESTARI
5,ALFA
4,BETA
PRASEKOLAH,PRASEKOLAH WAWASAN
4,GAMMA
4,ZETA
1,BETA
5,OMEGA
PRASEKOLAH,GEMILANG
1,GAMMA
1,OMEGA
5,SIGMA
3,BETA
1,ZETA
3,GAMMA
3,ZETA
2,BETA
2,GAMMA
6,DELTA
PRASEKOLAH,PRASEKOLAH BESTARI
2,ZETA
PRASEKOLAH,PRASEKOLAH GEMILANG
4,DELTA
6,ALFA
1,DELTA
6,OMEGA
4,ALFA
3,DELTA
6,SIGMA
PRASEKOLAH,WAWASAN
4,OMEGA
Tahap 2,5BETA
1,ALUMNI
1,ALFA
3,ALFA
4,SIGMA
5,BETA
2,DELTA
3,OMEGA
5,GAMMA
5,ZETA
